{
    "1": "pain or discomfort",
    "5": "swelling",
    "6": "weakness",
    "7": "unable to bend foot down",
    "8": "joint aches",
    "10": "agitation",
    "11": "stiffness or decreased movement",
    "12": "joint instability",
    "14": "popping or snapping sound from joint",
    "16": "bad breath",
    "17": "anxiety",
    "18": "nighttime wheezing",
    "19": "belching",
    "21": "bleeding gums",
    "22": "blind spot in vision",
    "23": "bloating or fullness",
    "24": "blood in toilet",
    "25": "blood on stool surface",
    "26": "blood on toilet tissue",
    "27": "blood or red colored urine",
    "29": "bloody or red colored stools",
    "30": "black (tar) colored stools",
    "36": "bloody or red colored vomit",
    "38": "blue colored skin",
    "42": "blurred vision",
    "43": "body aches or pains",
    "45": "bruising or discoloration",
    "47": "bulging veins",
    "49": "discharge from penis",
    "50": "vaginal discharge",
    "51": "chills",
    "52": "cloudy urine with strong odor",
    "53": "cloudy vision",
    "54": "change in hair texture",
    "55": "increased sensitivity to cold",
    "57": "confusion",
    "58": "constipation",
    "59": "cough",
    "61": "curved fingernails",
    "62": "curved or bent penis during erection",
    "63": "decreased appetite",
    "67": "decreased smell",
    "68": "decreased taste",
    "69": "decreased urination",
    "70": "depressed mood",
    "72": "diarrhea",
    "74": "difficulty starting urine stream",
    "75": "difficulty stopping urine stream",
    "76": "difficulty urinating",
    "78": "discharge or mucus in eyes",
    "79": "difficulty sleeping",
    "80": "distortion of part of visual field",
    "81": "dizziness",
    "82": "double vision (without one eye covered)",
    "83": "drooling",
    "85": "dry mouth",
    "86": "dry skin",
    "88": "easy bleeding",
    "89": "easy bruising",
    "90": "enlarged (dilated) veins",
    "91": "enlarged finger tips",
    "92": "enlarged or swollen glands",
    "94": "eye crusting with sleep",
    "95": "eye irritation",
    "96": "red eye (single)",
    "97": "vision fading of colors",
    "98": "fatigue",
    "99": "feeling faint",
    "101": "feeling of not being able to get enough air",
    "102": "fever",
    "104": "foul smelling stools",
    "105": "frequent bowel movements",
    "106": "frequent changes in eye glass prescription",
    "107": "frequent urination",
    "108": "frequent squinting",
    "109": "frequent urge to have bowel movement",
    "110": "frequent urge to urinate",
    "114": "giddiness",
    "115": "headache",
    "116": "hearing loss",
    "117": "heartburn",
    "118": "heavy menstrual bleeding",
    "119": "hives",
    "120": "hoarse voice",
    "121": "hot flashes",
    "123": "inability to move",
    "124": "increased thirst",
    "127": "irregular heartbeat",
    "128": "irregular menstrual periods",
    "129": "itching or burning",
    "134": "joint locking or catching",
    "141": "lightheadedness",
    "142": "loss of balance",
    "143": "stool leaking (incontinence)",
    "144": "loss of side vision",
    "145": "loss of voice",
    "146": "memory problems",
    "147": "urine leaking (incontinence)",
    "148": "lump or bulge",
    "150": "muffled voice",
    "155": "nasal symptoms and one red eye",
    "156": "nausea or vomiting",
    "157": "stiff neck",
    "159": "nervousness",
    "160": "new onset asthma",
    "161": "noisy breathing",
    "164": "numbness or tingling",
    "165": "pain during erection",
    "167": "pain when moving eyes",
    "169": "pain with urination",
    "171": "painful bowel movements",
    "172": "painful ejaculation",
    "173": "painful red lump on eyelid",
    "174": "pale skin",
    "175": "palpitations (fluttering in chest)",
    "176": "increased passing gas",
    "177": "prolonged breathing pauses",
    "178": "personality changes",
    "179": "decreased night vision",
    "180": "premature ejaculation",
    "181": "pressure or heaviness",
    "184": "rapid heart rate (pulse)",
    "185": "skin rash",
    "186": "red (bloodshot) eyes",
    "188": "swollen tonsils",
    "190": "regurgitation of food or liquid",
    "191": "taste of acid in mouth",
    "192": "restless or irritability",
    "193": "ringing in ears",
    "194": "runny nose",
    "196": "gritty or scratchy eyes",
    "198": "sensitive to light",
    "199": "sensitive to noise",
    "201": "shadow over part of vision",
    "202": "shaking chills (rigors)",
    "203": "shortening of limb",
    "204": "shortness of breath",
    "205": "skin blisters",
    "206": "skin bumps",
    "207": "skin irritation",
    "208": "skin open sore",
    "209": "skin redness",
    "210": "skin thickening",
    "212": "slow heart rate (pulse)",
    "213": "slow or irregular breathing",
    "214": "slow or weak urine stream",
    "215": "slurred speech",
    "216": "sneezing",
    "217": "snoring",
    "218": "sore or burning eyes",
    "219": "sore throat",
    "220": "spinning sensation",
    "222": "hunched or stooped posture",
    "224": "sudden flash of lights",
    "225": "sudden numbness or weakness on one side of body",
    "227": "difficulty swallowing",
    "228": "excessive sweating",
    "232": "tender glands",
    "233": "thick saliva or mucus",
    "234": "thin (pencil) stools",
    "235": "throat tightness",
    "236": "tightness",
    "237": "trembling",
    "238": "trouble distinguishing color shades",
    "241": "pain when swallowing",
    "242": "twisting or rotation of limb",
    "243": "unable to obtain or maintain erection",
    "244": "bleeding",
    "245": "unusual taste in mouth",
    "246": "vaginal bleeding after menopause",
    "247": "vaginal bleeding between periods",
    "248": "visible deformity",
    "249": "change in vision",
    "250": "partial vision loss",
    "251": "visual halos around lights",
    "252": "warm to touch",
    "253": "watery eyes",
    "254": "flickering uncolored zig zag line in vision",
    "256": "weight gain",
    "257": "weight loss (unintentional)",
    "258": "wheezing",
    "259": "yellow skin",
    "260": "skin peeling, cracking or scaling",
    "261": "fainting",
    "262": "short attention span",
    "263": "easily distracted",
    "264": "hyperactive behavior",
    "265": "impulsive behavior",
    "266": "tenderness to touch",
    "267": "mood swings",
    "268": "pressure or fullness",
    "269": "rapid breathing",
    "270": "labored breathing",
    "271": "red spots",
    "272": "testicular pain",
    "274": "change in bowel habits",
    "275": "change in stools",
    "276": "loss of consciousness",
    "278": "loss of coordination",
    "279": "joint pain",
    "280": "mouth sores",
    "281": "difficulty concentrating",
    "282": "muscle cramps or spasms (painful)",
    "285": "floating spots or strings in vision",
    "286": "holding objects further away to read",
    "290": "muscle weakness",
    "291": "need brighter light to read",
    "293": "tires quickly",
    "295": "welts",
    "296": "gum sores",
    "297": "color change",
    "299": "drooping of one side of face",
    "300": "unable to blink or close eyelid",
    "301": "dry eyes",
    "302": "tearing in one eye",
    "303": "excessively salty sweat or skin",
    "304": "flaking skin",
    "306": "drinking excessive fluids",
    "307": "frequent infections",
    "308": "fruity odor on breath",
    "309": "drainage or pus",
    "310": "binge eating",
    "311": "intentional vomiting (purging)",
    "313": "decreased sweating",
    "314": "hot, dry skin",
    "316": "disorientation",
    "319": "upward curving (spooning) of nails",
    "320": "craving to eat ice, dirt or paper",
    "321": "cracks at corner of mouth",
    "322": "morning joint stiffness",
    "323": "guarding or favoring joint",
    "324": "red (strawberry) tongue",
    "326": "swollen lips",
    "327": "drooping eyelid",
    "328": "eyes do not track together",
    "329": "tilts head to look at something",
    "330": "flickering lights in vision",
    "332": "holding objects closer to read",
    "333": "blindness",
    "335": "upset stomach",
    "337": "night sweats",
    "338": "excessive body hair growth",
    "339": "frequent nighttime urination",
    "340": "muscle twitching (painless)",
    "342": "bleeding in eye",
    "343": "spots on throat",
    "344": "spots on tonsils",
    "345": "excessive mouth watering",
    "346": "puffy eyelids",
    "347": "ear ache",
    "348": "unable to grip (hands)",
    "349": "nosebleed",
    "350": "curved spine",
    "351": "unable to move leg",
    "352": "unable to move arm",
    "353": "holding bowel movements",
    "354": "broken bones (multiple fractures)",
    "355": "clicking or popping sound from jaw",
    "356": "jaw locking",
    "357": "involuntary head turning or twisting",
    "359": "flushed skin",
    "360": "drowsiness",
    "361": "hair loss",
    "362": "bald spots (hair)",
    "363": "brittle hair",
    "364": "dark colored (brown) urine",
    "365": "soreness or burning inside of mouth",
    "366": "headache (worst ever)",
    "367": "sense of impending doom",
    "369": "paranoid behavior",
    "370": "feeling smothered",
    "371": "feeling of being detached from reality",
    "372": "pulsating sensation",
    "374": "black colored skin",
    "375": "visible pulsations",
    "376": "red spots inside lower eyelid",
    "377": "red or black spots on fingernails",
    "378": "distended stomach",
    "380": "skin darkening",
    "381": "hallucinations",
    "382": "blue coloured lips",
    "383": "cold hands",
    "384": "cold feet",
    "385": "hyperventilating (rapid/deep breathing)",
    "386": "impaired judgement",
    "387": "fear of gaining weight",
    "388": "frequent laxative use",
    "389": "excessive exercising",
    "390": "restrictive dieting",
    "391": "distorted body image",
    "392": "weight loss (intentional)",
    "393": "unusual behavior",
    "394": "shaking hands or tremor",
    "395": "discharge from nipple",
    "396": "bleeding from nipple",
    "398": "rapid speech",
    "399": "increased talkativeness",
    "400": "excessive crying",
    "401": "bitter almond odor on breath",
    "405": "low blood pressure",
    "406": "high blood pressure",
    "408": "coffee grounds colored vomit",
    "409": "unable to open mouth (jaw)",
    "410": "vaginal odor",
    "412": "pain with sexual intercourse (female)",
    "413": "protruding vaginal material",
    "414": "loss of height",
    "418": "frequent chewing",
    "419": "pounding heart (pulse)",
    "420": "compulsive behavior",
    "421": "delusions",
    "422": "lack of pleasure",
    "423": "lack of emotion",
    "424": "lack of motivation",
    "425": "white patches inside mouth",
    "427": "frightening thoughts",
    "428": "sadness",
    "429": "fear of water",
    "430": "fear of air",
    "431": "difficulty falling asleep",
    "432": "difficulty staying asleep",
    "433": "early morning waking",
    "434": "difficulty staying awake during day",
    "435": "food cravings",
    "436": "missed or late menstrual period",
    "437": "coated or furry tongue",
    "438": "bad taste in mouth",
    "439": "straining with bowel movements",
    "440": "emotional detachment",
    "441": "jumpiness or easily startled",
    "442": "flashbacks",
    "445": "restless (urge to move) legs",
    "446": "red gums",
    "447": "swollen gums",
    "449": "grinding teeth",
    "451": "worms in stool",
    "452": "skin hardening",
    "453": "damaged teeth enamel",
    "455": "unusual or suspicious mole",
    "457": "sensation of something in eye",
    "458": "swollen tongue",
    "459": "metallic taste in mouth",
    "460": "sunken eyes",
    "461": "decreased tears when crying",
    "462": "sunken soft spot on top of head",
    "464": "difficulty opening mouth",
    "465": "blank stare",
    "466": "blinking eyes",
    "467": "repetitive behaviors",
    "468": "seizures (uncontrollable jerking of limbs)",
    "470": "craving alcohol",
    "471": "binge drinking (alcohol)",
    "472": "morning alcohol drinking (eye opener)",
    "473": "blackouts (memory time loss)",
    "474": "muscle wasting",
    "475": "fits of rage",
    "476": "difficulty talking",
    "477": "coma",
    "478": "impaired social skills",
    "479": "developmental delays",
    "480": "delayed motor development",
    "481": "dislikes change in daily routine",
    "482": "delayed language skills",
    "483": "short stature",
    "484": "unusual facial expression",
    "485": "repeats phrases",
    "487": "short, wide neck",
    "488": "short arms and legs",
    "489": "single palm crease",
    "490": "inappropriate behavior",
    "491": "low self esteem",
    "492": "fearful",
    "493": "multiple bruises of different ages",
    "495": "slow growth (failure to thrive)",
    "496": "squinting eyes",
    "497": "nasal congestion",
    "498": "difficulty breathing through nose",
    "499": "reduced productivity at work",
    "500": "poor concentration",
    "501": "slow thinking",
    "502": "difficulty learning new things",
    "504": "forgetfulness",
    "505": "difficulty finding words",
    "506": "apathy",
    "507": "socially withdrawn",
    "508": "hearing voices",
    "509": "shuffling gait (feet)",
    "510": "difficulty solving problems",
    "511": "inability to care for self",
    "513": "recent (short term) memory loss",
    "514": "enlarged (dilated) pupils",
    "515": "small (constricted) pupils",
    "516": "poor personal hygiene",
    "517": "prolonged bleeding",
    "518": "excessive facial hair growth (female)",
    "519": "jerking eye movements",
    "520": "difficulty standing",
    "521": "vaginal dryness",
    "522": "visible bugs or parasites",
    "523": "frightening dreams",
    "524": "difficult to wake from sleep",
    "525": "yelling out during sleep",
    "526": "crying during sleep",
    "527": "restless (tossing and turning) sleep",
    "528": "unable to move joint",
    "529": "coarse hair",
    "530": "loss of outside 1/3 of eyebrow (unintentional)",
    "531": "choking on food",
    "532": "decreased school performance",
    "533": "pulling out hair",
    "534": "pulling out eyelashes",
    "535": "pulling out eyebrows",
    "536": "pulling out beard",
    "537": "food getting stuck (swallowing)",
    "538": "yellow eyes",
    "539": "smooth tongue",
    "540": "sore tongue",
    "542": "squatting",
    "543": "eyelid redness",
    "545": "scaley skin on eyelids",
    "546": "eyelashes falling out",
    "547": "hunger",
    "548": "shaking",
    "550": "eyes rolling back",
    "552": "vaginal bleeding",
    "554": "unequal pupils (size)",
    "555": "increased speech volume",
    "556": "post nasal drip",
    "558": "overweight",
    "559": "episodes of not breathing during sleep",
    "561": "increased sensitivity to heat",
    "563": "difficulty moving arm",
    "565": "bulging eyes",
    "566": "impaired color vision",
    "567": "weakness (generalized)",
    "568": "testicles shrinkage",
    "569": "pain with sexual intercourse (male)",
    "570": "involuntary movements (picking, lip smacking etc.)",
    "571": "difficulty relaxing muscles after contracting them",
    "572": "muscle stiffness (rigidity)",
    "573": "abnormal muscle enlargement (hypertrophy)",
    "574": "strange smell or taste",
    "575": "see letters, numbers or musical notes as colors",
    "576": "taste words when they are heard",
    "577": "double vision (with one eye covered)",
    "578": "broken bone (single fracture)",
    "579": "teeth do not fit like they used to",
    "580": "unable to bear weight",
    "581": "excessive facial hair growth (male)",
    "582": "early breast development",
    "583": "uncontrollable verbal outbursts",
    "584": "erectile dysfunction",
    "585": "stomach cramps",
    "586": "grooved tongue",
    "587": "no menstrual periods",
    "588": "bulging neck veins",
    "589": "choking",
    "590": "gagging",
    "591": "sleep walking",
    "594": "protruding rectal material",
    "595": "punching or kicking in sleep",
    "596": "unusually short forth fingers",
    "597": "abnormally round face",
    "600": "sudden urge to urinate"
}
